district_id,slug,state,state_code,name,display_name,kind,division,parent_id,first_period,geo_name,note
jhr-batu-pahat,batu-pahat,Johor,jhr,Batu Pahat,Batu Pahat,district,,,,Batu Pahat,
jhr-johor-bahru,johor-bahru,Johor,jhr,Johor Bahru,Johor Bahru,district,,,,Johor Bahru,
jhr-kluang,kluang,Johor,jhr,Kluang,Kluang,district,,,,Kluang,
jhr-kota-tinggi,kota-tinggi,Johor,jhr,Kota Tinggi,Kota Tinggi,district,,,,Kota Tinggi,
jhr-kulai,kulai,Johor,jhr,Kulai,Kulai,district,,,,Kulaijaya,
jhr-mersing,mersing,Johor,jhr,Mersing,Mersing,district,,,,Mersing,
jhr-muar,muar,Johor,jhr,Muar,Muar,district,,,,Muar,
jhr-pontian,pontian,Johor,jhr,Pontian,Pontian,district,,,,Pontian,
jhr-segamat,segamat,Johor,jhr,Segamat,Segamat,district,,,,Segamat,
jhr-tangkak,tangkak,Johor,jhr,Tangkak,Tangkak,district,,,,Ledang,
kdh-baling,baling,Kedah,kdh,Baling,Baling,district,,,,Baling,
kdh-bandar-baharu,bandar-baharu,Kedah,kdh,Bandar Baharu,Bandar Baharu,district,,,,Bandar Baharu,
kdh-kota-setar,kota-setar,Kedah,kdh,Kota Setar,Kota Setar,district,,,,Kota Setar,
kdh-kuala-muda,kuala-muda,Kedah,kdh,Kuala Muda,Kuala Muda,district,,,,Kuala Muda,
kdh-kubang-pasu,kubang-pasu,Kedah,kdh,Kubang Pasu,Kubang Pasu,district,,,,Kubang Pasu,
kdh-kulim,kulim,Kedah,kdh,Kulim,Kulim,district,,,,Kulim,
kdh-langkawi,langkawi,Kedah,kdh,Langkawi,Langkawi,district,,,,Langkawi,
kdh-padang-terap,padang-terap,Kedah,kdh,Padang Terap,Padang Terap,district,,,,Padang Terap,
kdh-pendang,pendang,Kedah,kdh,Pendang,Pendang,district,,,,Pendang,
kdh-pokok-sena,pokok-sena,Kedah,kdh,Pokok Sena,Pokok Sena,district,,,,Pokok Sena,
kdh-sik,sik,Kedah,kdh,Sik,Sik,district,,,,Sik,
kdh-yan,yan,Kedah,kdh,Yan,Yan,district,,,,Yan,
ktn-bachok,bachok,Kelantan,ktn,Bachok,Bachok,district,,,,Bachok,
ktn-gua-musang,gua-musang,Kelantan,ktn,Gua Musang,Gua Musang,district,,,,Gua Musang,
ktn-jeli,jeli,Kelantan,ktn,Jeli,Jeli,district,,,,Jeli,
ktn-kecil-lojing,kecil-lojing,Kelantan,ktn,Kecil Lojing,Kecil Lojing,district,,,,Kecil Lojing,
ktn-kota-bharu,kota-bharu,Kelantan,ktn,Kota Bharu,Kota Bharu,district,,,,Kota Bharu,
ktn-kuala-krai,kuala-krai,Kelantan,ktn,Kuala Krai,Kuala Krai,district,,,,Kuala Krai,
ktn-machang,machang,Kelantan,ktn,Machang,Machang,district,,,,Machang,
ktn-pasir-mas,pasir-mas,Kelantan,ktn,Pasir Mas,Pasir Mas,district,,,,Pasir Mas,
ktn-pasir-puteh,pasir-puteh,Kelantan,ktn,Pasir Puteh,Pasir Puteh,district,,,,Pasir Puteh,
ktn-tanah-merah,tanah-merah,Kelantan,ktn,Tanah Merah,Tanah Merah,district,,,,Tanah Merah,
ktn-tumpat,tumpat,Kelantan,ktn,Tumpat,Tumpat,district,,,,Tumpat,
mlk-alor-gajah,alor-gajah,Melaka,mlk,Alor Gajah,Alor Gajah,district,,,,Alor Gajah,
mlk-jasin,jasin,Melaka,mlk,Jasin,Jasin,district,,,,Jasin,
mlk-melaka-tengah,melaka-tengah,Melaka,mlk,Melaka Tengah,Melaka Tengah,district,,,,Melaka Tengah,
nsn-jelebu,jelebu,Negeri Sembilan,nsn,Jelebu,Jelebu,district,,,,Jelebu,
nsn-jempol,jempol,Negeri Sembilan,nsn,Jempol,Jempol,district,,,,Jempol,
nsn-kuala-pilah,kuala-pilah,Negeri Sembilan,nsn,Kuala Pilah,Kuala Pilah,district,,,,Kuala Pilah,
nsn-port-dickson,port-dickson,Negeri Sembilan,nsn,Port Dickson,Port Dickson,district,,,,Port Dickson,
nsn-rembau,rembau,Negeri Sembilan,nsn,Rembau,Rembau,district,,,,Rembau,
nsn-seremban,seremban,Negeri Sembilan,nsn,Seremban,Seremban,district,,,,Seremban,
nsn-tampin,tampin,Negeri Sembilan,nsn,Tampin,Tampin,district,,,,Tampin,
phg-bentong,bentong,Pahang,phg,Bentong,Bentong,district,,,,Bentong,
phg-bera,bera,Pahang,phg,Bera,Bera,district,,,,Bera,
phg-cameron-highlands,cameron-highlands,Pahang,phg,Cameron Highlands,Cameron Highlands,district,,,,Cameron Highlands,
phg-jerantut,jerantut,Pahang,phg,Jerantut,Jerantut,district,,,,Jerantut,
phg-kuantan,kuantan,Pahang,phg,Kuantan,Kuantan,district,,,,Kuantan,
phg-lipis,lipis,Pahang,phg,Lipis,Lipis,district,,,,Lipis,
phg-maran,maran,Pahang,phg,Maran,Maran,district,,,,Maran,
phg-pekan,pekan,Pahang,phg,Pekan,Pekan,district,,,,Pekan,
phg-raub,raub,Pahang,phg,Raub,Raub,district,,,,Raub,
phg-rompin,rompin,Pahang,phg,Rompin,Rompin,district,,,,Rompin,
phg-temerloh,temerloh,Pahang,phg,Temerloh,Temerloh,district,,,,Temerloh,
prk-bagan-datuk,bagan-datuk,Perak,prk,Bagan Datuk,Bagan Datuk,district,,,,Bagan Datuk,
prk-batang-padang,batang-padang,Perak,prk,Batang Padang,Batang Padang,district,,,,Batang Padang,
prk-hilir-perak,hilir-perak,Perak,prk,Hilir Perak,Hilir Perak,district,,,,Hilir Perak,
prk-hulu-perak,hulu-perak,Perak,prk,Hulu Perak,Hulu Perak,district,,,,Hulu Perak,
prk-kampar,kampar,Perak,prk,Kampar,Kampar,district,,,,Kampar,
prk-kerian,kerian,Perak,prk,Kerian,Kerian,district,,,,Kerian,
prk-kinta,kinta,Perak,prk,Kinta,Kinta,district,,,,Kinta,
prk-kuala-kangsar,kuala-kangsar,Perak,prk,Kuala Kangsar,Kuala Kangsar,district,,,,Kuala Kangsar,
prk-larut-dan-matang,larut-dan-matang,Perak,prk,Larut dan Matang,Larut dan Matang,district,,,,Larut dan Matang,
prk-manjung,manjung,Perak,prk,Manjung,Manjung,district,,,,Manjung,
prk-muallim,muallim,Perak,prk,Muallim,Muallim,district,,,,Muallim,
prk-perak-tengah,perak-tengah,Perak,prk,Perak Tengah,Perak Tengah,district,,,,Perak Tengah,
prk-selama,selama,Perak,prk,Selama,Selama,district,,,,Selama,
pls-perlis,perlis,Perlis,pls,Perlis,Perlis,district,,,,Perlis,
png-barat-daya,barat-daya,Pulau Pinang,png,Barat Daya,Barat Daya,district,,,,Barat Daya,
png-seberang-perai-selatan,seberang-perai-selatan,Pulau Pinang,png,Seberang Perai Selatan,Seberang Perai Selatan,district,,,,Seberang Perai Selatan,
png-seberang-perai-tengah,seberang-perai-tengah,Pulau Pinang,png,Seberang Perai Tengah,Seberang Perai Tengah,district,,,,Seberang Perai Tengah,
png-seberang-perai-utara,seberang-perai-utara,Pulau Pinang,png,Seberang Perai Utara,Seberang Perai Utara,district,,,,Seberang Perai Utara,
png-timur-laut,timur-laut,Pulau Pinang,png,Timur Laut,Timur Laut,district,,,,Timur Laut,
sbh-beaufort,beaufort,Sabah,sbh,Beaufort,Beaufort,district,Interior,,,Beaufort,
sbh-beluran,beluran,Sabah,sbh,Beluran,Beluran,district,Sandakan,,,Beluran,
sbh-kalabakan,kalabakan,Sabah,sbh,Kalabakan,Kalabakan,district,Tawau,,,Kalabakan,
sbh-keningau,keningau,Sabah,sbh,Keningau,Keningau,district,Interior,,,Keningau,
sbh-kinabatangan,kinabatangan,Sabah,sbh,Kinabatangan,Kinabatangan,district,Sandakan,,,Kinabatangan,
sbh-kota-belud,kota-belud,Sabah,sbh,Kota Belud,Kota Belud,district,West Coast,,,Kota Belud,
sbh-kota-kinabalu,kota-kinabalu,Sabah,sbh,Kota Kinabalu,Kota Kinabalu,district,West Coast,,,Kota Kinabalu,
sbh-kota-marudu,kota-marudu,Sabah,sbh,Kota Marudu,Kota Marudu,district,Kudat,,,Kota Marudu,
sbh-kuala-penyu,kuala-penyu,Sabah,sbh,Kuala Penyu,Kuala Penyu,district,Interior,,,Kuala Penyu,
sbh-kudat,kudat,Sabah,sbh,Kudat,Kudat,district,Kudat,,,Kudat,
sbh-kunak,kunak,Sabah,sbh,Kunak,Kunak,district,Tawau,,,Kunak,
sbh-lahad-datu,lahad-datu,Sabah,sbh,Lahad Datu,Lahad Datu,district,Tawau,,,Lahad Datu,
sbh-membakut,membakut,Sabah,sbh,Membakut,Membakut,successor,Interior,sbh-beaufort,2024,,Gazetted from Beaufort; first reported in HIES 2024
sbh-nabawan,nabawan,Sabah,sbh,Nabawan,Nabawan,district,Interior,,,Nabawan / Persiangan,
sbh-papar,papar,Sabah,sbh,Papar,Papar,district,West Coast,,,Papar,
sbh-penampang,penampang,Sabah,sbh,Penampang,Penampang,district,West Coast,,,Penampang,
sbh-pitas,pitas,Sabah,sbh,Pitas,Pitas,district,Kudat,,,Pitas,
sbh-putatan,putatan,Sabah,sbh,Putatan,Putatan,district,West Coast,,,Putatan,
sbh-ranau,ranau,Sabah,sbh,Ranau,Ranau,district,West Coast,,,Ranau,
sbh-sandakan,sandakan,Sabah,sbh,Sandakan,Sandakan,district,Sandakan,,,Sandakan,
sbh-semporna,semporna,Sabah,sbh,Semporna,Semporna,district,Tawau,,,Semporna,
sbh-sipitang,sipitang,Sabah,sbh,Sipitang,Sipitang,district,Interior,,,Sipitang,
sbh-supra,sbh-supra,Sabah,sbh,Supra,Sabah offshore oil & gas (Supra),supra,,,,,
sbh-tambunan,tambunan,Sabah,sbh,Tambunan,Tambunan,district,Interior,,,Tambunan,
sbh-tawau,tawau,Sabah,sbh,Tawau,Tawau,district,Tawau,,,Tawau,
sbh-telupid,telupid,Sabah,sbh,Telupid,Telupid,district,Sandakan,,,Telupid,
sbh-tenom,tenom,Sabah,sbh,Tenom,Tenom,district,Interior,,,Tenom,
sbh-tongod,tongod,Sabah,sbh,Tongod,Tongod,district,Sandakan,,,Tongod,
sbh-tuaran,tuaran,Sabah,sbh,Tuaran,Tuaran,district,West Coast,,,Tuaran,
swk-asajaya,asajaya,Sarawak,swk,Asajaya,Asajaya,district,,,,Asajaya,
swk-bau,bau,Sarawak,swk,Bau,Bau,district,,,,Bau,
swk-belaga,belaga,Sarawak,swk,Belaga,Belaga,district,,,,Belaga,
swk-beluru,beluru,Sarawak,swk,Beluru,Beluru,district,,,,Beluru,
swk-betong,betong,Sarawak,swk,Betong,Betong,district,,,,Betong,
swk-bintulu,bintulu,Sarawak,swk,Bintulu,Bintulu,district,,,,Bintulu,
swk-bukit-mabong,bukit-mabong,Sarawak,swk,Bukit Mabong,Bukit Mabong,district,,,,Bukit Mabong,
swk-dalat,dalat,Sarawak,swk,Dalat,Dalat,district,,,,Dalat,
swk-daro,daro,Sarawak,swk,Daro,Daro,district,,,,Daro,
swk-gedong,gedong,Sarawak,swk,Gedong,Gedong,successor,,,2022,,New Sarawak district; parent not verified
swk-julau,julau,Sarawak,swk,Julau,Julau,district,,,,Julau,
swk-kabong,kabong,Sarawak,swk,Kabong,Kabong,district,,,,Kabong,
swk-kanowit,kanowit,Sarawak,swk,Kanowit,Kanowit,district,,,,Kanowit,
swk-kapit,kapit,Sarawak,swk,Kapit,Kapit,district,,,,Kapit,
swk-kuching,kuching,Sarawak,swk,Kuching,Kuching,district,,,,Kuching,
swk-lawas,lawas,Sarawak,swk,Lawas,Lawas,district,,,,Lawas,
swk-limbang,limbang,Sarawak,swk,Limbang,Limbang,district,,,,Limbang,
swk-lingga,lingga,Sarawak,swk,Lingga,Lingga,successor,,,2022,,New Sarawak district; parent not verified
swk-lubok-antu,lubok-antu,Sarawak,swk,Lubok Antu,Lubok Antu,district,,,,Lubok Antu,
swk-lundu,lundu,Sarawak,swk,Lundu,Lundu,district,,,,Lundu,
swk-maradong,maradong,Sarawak,swk,Maradong,Maradong,district,,,,Maradong,
swk-marudi,marudi,Sarawak,swk,Marudi,Marudi,district,,,,Marudi,
swk-matu,matu,Sarawak,swk,Matu,Matu,district,,,,Matu,
swk-miri,miri,Sarawak,swk,Miri,Miri,district,,,,Miri,
swk-mukah,mukah,Sarawak,swk,Mukah,Mukah,district,,,,Mukah,
swk-pakan,pakan,Sarawak,swk,Pakan,Pakan,district,,,,Pakan,
swk-pantu,pantu,Sarawak,swk,Pantu,Pantu,successor,,,2022,,New Sarawak district; parent not verified
swk-pusa,pusa,Sarawak,swk,Pusa,Pusa,district,,,,Pusa,
swk-samarahan,samarahan,Sarawak,swk,Samarahan,Samarahan,district,,,,Samarahan,
swk-saratok,saratok,Sarawak,swk,Saratok,Saratok,district,,,,Saratok,
swk-sarikei,sarikei,Sarawak,swk,Sarikei,Sarikei,district,,,,Sarikei,
swk-sebauh,sebauh,Sarawak,swk,Sebauh,Sebauh,district,,,,Sebauh,
swk-sebuyau,sebuyau,Sarawak,swk,Sebuyau,Sebuyau,successor,,,2022,,New Sarawak district; parent not verified
swk-selangau,selangau,Sarawak,swk,Selangau,Selangau,district,,,,Selangau,
swk-serian,serian,Sarawak,swk,Serian,Serian,district,,,,Serian,
swk-sibu,sibu,Sarawak,swk,Sibu,Sibu,district,,,,Sibu,
swk-siburan,siburan,Sarawak,swk,Siburan,Siburan,successor,,,2022,,New Sarawak district; parent not verified
swk-simunjan,simunjan,Sarawak,swk,Simunjan,Simunjan,district,,,,Simunjan,
swk-song,song,Sarawak,swk,Song,Song,district,,,,Song,
swk-sri-aman,sri-aman,Sarawak,swk,Sri Aman,Sri Aman,district,,,,Sri Aman,
swk-subis,subis,Sarawak,swk,Subis,Subis,district,,,,Subis,
swk-supra,swk-supra,Sarawak,swk,Supra,Sarawak offshore oil & gas (Supra),supra,,,,,
swk-tanjung-manis,tanjung-manis,Sarawak,swk,Tanjung Manis,Tanjung Manis,district,,,,Tanjung Manis,
swk-tatau,tatau,Sarawak,swk,Tatau,Tatau,district,,,,Tatau,
swk-tebedu,tebedu,Sarawak,swk,Tebedu,Tebedu,district,,,,Tebedu,
swk-telang-usan,telang-usan,Sarawak,swk,Telang Usan,Telang Usan,district,,,,Telang Usan,
sgr-gombak,gombak,Selangor,sgr,Gombak,Gombak,district,,,,Gombak,
sgr-klang,klang,Selangor,sgr,Klang,Klang,district,,,,Klang,
sgr-kuala-langat,kuala-langat,Selangor,sgr,Kuala Langat,Kuala Langat,district,,,,Kuala Langat,
sgr-kuala-selangor,kuala-selangor,Selangor,sgr,Kuala Selangor,Kuala Selangor,district,,,,Kuala Selangor,
sgr-petaling,petaling,Selangor,sgr,Petaling,Petaling,district,,,,Petaling,
sgr-sabak-bernam,sabak-bernam,Selangor,sgr,Sabak Bernam,Sabak Bernam,district,,,,Sabak Bernam,
sgr-sepang,sepang,Selangor,sgr,Sepang,Sepang,district,,,,Sepang,
sgr-ulu-langat,ulu-langat,Selangor,sgr,Ulu Langat,Ulu Langat,district,,,,Ulu Langat,
sgr-ulu-selangor,ulu-selangor,Selangor,sgr,Ulu Selangor,Ulu Selangor,district,,,,Ulu Selangor,
trg-besut,besut,Terengganu,trg,Besut,Besut,district,,,,Besut,
trg-dungun,dungun,Terengganu,trg,Dungun,Dungun,district,,,,Dungun,
trg-hulu-terengganu,hulu-terengganu,Terengganu,trg,Hulu Terengganu,Hulu Terengganu,district,,,,Hulu Terengganu,
trg-kemaman,kemaman,Terengganu,trg,Kemaman,Kemaman,district,,,,Kemaman,
trg-kuala-nerus,kuala-nerus,Terengganu,trg,Kuala Nerus,Kuala Nerus,district,,,,Kuala Nerus,
trg-kuala-terengganu,kuala-terengganu,Terengganu,trg,Kuala Terengganu,Kuala Terengganu,district,,,,Kuala Terengganu,
trg-marang,marang,Terengganu,trg,Marang,Marang,district,,,,Marang,
trg-setiu,setiu,Terengganu,trg,Setiu,Setiu,district,,,,Setiu,
kul-kuala-lumpur,kuala-lumpur,W.P. Kuala Lumpur,kul,W.P. Kuala Lumpur,Kuala Lumpur,district,,,,Kuala Lumpur,
lbn-labuan,labuan,W.P. Labuan,lbn,W.P. Labuan,Labuan,district,,,,Labuan,
pjy-putrajaya,putrajaya,W.P. Putrajaya,pjy,W.P. Putrajaya,Putrajaya,district,,,,,GDP subsumed under W.P. Kuala Lumpur by DOSM
